{"base": 10000.0, "delta": [-0.0028228759765625, 0.00982666015625, 0.00154876708984375, 0.006927490234375, 0.005645751953125, -0.0096435546875, -0.01019287109375, 0.00787353515625, 0.0106201171875, -0.0111083984375, -0.0159912109375, 0.006103515625, -0.031494140625, -0.031494140625, -0.004852294921875, -0.05322265625, -0.0341796875, 0.004241943359375, -0.0263671875, -0.04833984375, -0.047119140625, -0.0052490234375, -0.0242919921875, -0.05615234375, -0.000885009765625, -0.08251953125, -0.053955078125, 0.00506591796875, 0.015625, -0.11572265625, -0.125, -0.125, -0.09130859375, -0.06689453125, -0.055908203125, -0.00127410888671875, 0.07568359375, 0.08349609375, 0.0771484375, 0.07373046875, 0.0810546875, 0.087890625, 0.09521484375, 0.0849609375, 0.07421875, 0.07177734375, 0.076171875, 0.07666015625, 0.06689453125, 0.0654296875, 0.080078125, 0.0634765625, 0.061767578125, 0.06298828125, 0.035888671875, 0.0673828125, 0.0380859375, 0.0341796875, 0.034423828125, 0.064453125, 0.0283203125, 0.0625, 0.042724609375, 0.06884765625], "inv_freq": [0.99609375, 0.875, 0.75, 0.65234375, 0.56640625, 0.482421875, 0.416015625, 0.3671875, 0.318359375, 0.26953125, 0.2333984375, 0.20703125, 0.171875, 0.1494140625, 0.1328125, 0.109375, 0.0966796875, 0.0869140625, 0.0732421875, 0.06201171875, 0.053466796875, 0.04833984375, 0.041259765625, 0.03466796875, 0.03173828125, 0.025146484375, 0.0224609375, 0.0206298828125, 0.01806640625, 0.013671875, 0.01171875, 0.01019287109375, 0.0091552734375, 0.00811767578125, 0.007110595703125, 0.006500244140625, 0.00604248046875, 0.00531005859375, 0.004547119140625, 0.003936767578125, 0.0034332275390625, 0.00299072265625, 0.0026092529296875, 0.0022430419921875, 0.00191497802734375, 0.0016632080078125, 0.00144195556640625, 0.00124359130859375, 0.001068115234375, 0.000926971435546875, 0.00081634521484375, 0.000690460205078125, 0.0005950927734375, 0.000514984130859375, 0.000438690185546875, 0.00038909912109375, 0.00032806396484375, 0.00028228759765625, 0.000244140625, 0.0002193450927734375, 0.00018310546875, 0.00016307830810546875, 0.00014019012451171875, 0.0001239776611328125], "inv_freq_base": [1.0, 0.8671875, 0.75, 0.6484375, 0.5625, 0.486328125, 0.421875, 0.365234375, 0.31640625, 0.2734375, 0.2373046875, 0.205078125, 0.177734375, 0.154296875, 0.1337890625, 0.115234375, 0.10009765625, 0.08642578125, 0.0751953125, 0.06494140625, 0.05615234375, 0.048583984375, 0.042236328125, 0.03662109375, 0.03173828125, 0.02734375, 0.023681640625, 0.0205078125, 0.017822265625, 0.015380859375, 0.0133056640625, 0.01153564453125, 0.010009765625, 0.0086669921875, 0.00750732421875, 0.006500244140625, 0.005615234375, 0.0048828125, 0.00421142578125, 0.0036468505859375, 0.0031585693359375, 0.0027313232421875, 0.0023651123046875, 0.0020599365234375, 0.00177764892578125, 0.0015411376953125, 0.00133514404296875, 0.00115203857421875, 0.00099945068359375, 0.000865936279296875, 0.000751495361328125, 0.00064849853515625, 0.000560760498046875, 0.0004863739013671875, 0.0004215240478515625, 0.0003643035888671875, 0.000316619873046875, 0.000274658203125, 0.00023746490478515625, 0.00020503997802734375, 0.0001773834228515625, 0.00015354156494140625, 0.000133514404296875, 0.00011539459228515625]}