{"base": 10000.0, "delta": [[0.0164794921875, 0.017333984375, 0.0078125, 0.01226806640625, 0.01458740234375, 0.0062255859375, -0.00153350830078125, 0.017578125, 0.00848388671875, 0.0025634765625, 0.001220703125, 0.0167236328125, -0.01544189453125, -0.01519775390625, -0.00872802734375, -0.028076171875, -0.01611328125, 0.01806640625, 0.0035400390625, -0.00142669677734375, -0.00994873046875, -0.0169677734375, 0.005615234375, -0.025146484375, -0.054931640625, -0.0260009765625, -0.049560546875, -0.0198974609375, -0.017333984375, -0.06396484375, -0.0654296875, -0.06787109375, -0.019775390625, -0.060546875, -0.0303955078125, 0.0299072265625, 0.01202392578125, 0.05078125, 0.061279296875, 0.08056640625, 0.060546875, 0.06201171875, 0.0634765625, 0.060302734375, 0.0625, 0.06103515625, 0.0478515625, 0.05322265625, 0.0634765625, 0.01544189453125, 0.06103515625, 0.055419921875, 0.032470703125, 0.036865234375, 0.04248046875, 0.06396484375, 0.05419921875, 0.032470703125, 0.0224609375, 0.0303955078125, 0.03076171875, 0.01092529296875, 0.04345703125, 0.06396484375], [0.03564453125, 0.0203857421875, 0.021728515625, 0.026123046875, 0.019775390625, 0.021728515625, 0.0062255859375, 0.0189208984375, 0.0228271484375, 0.0047607421875, -0.01116943359375, 0.03125, 0.0101318359375, 0.01092529296875, -0.01007080078125, -0.038330078125, -0.01806640625, 0.0023651123046875, -0.0081787109375, -0.0120849609375, 0.007415771484375, 0.0228271484375, 0.034423828125, -0.01318359375, 0.023193359375, -0.048095703125, -0.06103515625, 2.384185791015625e-05, 0.003631591796875, -0.08349609375, -0.125, -0.09912109375, -0.09814453125, -0.076171875, -0.06298828125, -0.00927734375, 0.0089111328125, 0.021240234375, 0.04833984375, 0.06298828125, 0.072265625, 0.07421875, 0.08837890625, 0.0654296875, 0.05712890625, 0.0341796875, 0.034912109375, 0.0595703125, 0.06298828125, 0.0625, 0.06298828125, 0.043701171875, 0.056396484375, 0.055908203125, 0.01043701171875, -0.01556396484375, 0.027099609375, -0.0177001953125, 0.041748046875, 0.06591796875, 0.0634765625, 0.07568359375, 0.04248046875, 0.06298828125], [0.044921875, 0.01446533203125, 0.0018463134765625, 0.0074462890625, 0.0101318359375, 0.01153564453125, 0.003509521484375, 0.005462646484375, 0.01104736328125, 0.001007080078125, 0.007354736328125, 0.0186767578125, -0.004791259765625, -0.00347900390625, -0.00130462646484375, -0.039794921875, -0.001373291015625, -0.009521484375, -0.01495361328125, -0.0234375, -0.046630859375, -0.022216796875, -0.0458984375, -0.02685546875, -0.0203857421875, -0.07568359375, -0.036376953125, -0.0040283203125, 0.01611328125, -0.04345703125, -0.0888671875, -0.08154296875, -0.0791015625, -0.0654296875, 0.0030364990234375, 0.004241943359375, 0.00970458984375, 0.05810546875, 0.06591796875, 0.06591796875, 0.07421875, 0.0634765625, 0.06494140625, 0.0654296875, 0.0751953125, 0.04345703125, 0.0284423828125, 0.05908203125, 0.0625, 0.047607421875, 0.033935546875, 0.033447265625, 0.00848388671875, 0.06298828125, 0.047119140625, -0.01458740234375, 0.0361328125, 0.017333984375, 0.005645751953125, 0.0189208984375, 0.030029296875, 0.0162353515625, 0.0224609375, 0.01904296875], [0.022705078125, 0.00848388671875, 0.0021209716796875, 0.00153350830078125, 0.0037384033203125, -0.0089111328125, -0.0103759765625, 0.00958251953125, 0.0030059814453125, -0.0072021484375, -0.01953125, -0.05078125, -0.035400390625, -0.062255859375, -0.00130462646484375, -0.049560546875, -0.03662109375, 0.00799560546875, -0.040283203125, -0.032470703125, 0.0283203125, -0.00128936767578125, -0.031982421875, -0.049072265625, 0.025146484375, -0.08447265625, -0.051513671875, 0.038818359375, 0.029052734375, -0.095703125, -0.09521484375, -0.09326171875, -0.06494140625, -0.0625, -0.040283203125, -0.0400390625, 0.049560546875, 0.06494140625, 0.05712890625, 0.05517578125, 0.03076171875, 0.043212890625, 0.061279296875, 0.07373046875, 0.020263671875, 0.032470703125, 0.061279296875, 0.06298828125, 0.038818359375, 0.036376953125, 0.041259765625, 0.02392578125, 0.056640625, 0.037841796875, 0.019775390625, 0.00860595703125, 0.021484375, 0.0019683837890625, 0.022216796875, 0.044677734375, -0.008056640625, 0.0238037109375, -0.01470947265625, 0.049072265625], [0.03662109375, 0.0240478515625, 0.0086669921875, 0.015869140625, 0.024658203125, 0.01470947265625, -0.004058837890625, 0.00994873046875, 0.01556396484375, 0.007659912109375, 0.0087890625, -0.0142822265625, -0.031005859375, 0.00640869140625, -0.007568359375, -0.050048828125, -0.017822265625, 0.015869140625, -0.000766754150390625, -0.00836181640625, 0.00174713134765625, 0.0284423828125, 0.0303955078125, -0.054443359375, 0.06103515625, -0.05712890625, -0.0380859375, 0.018798828125, 0.0712890625, -0.0244140625, -0.125, -0.125, -0.06494140625, -0.033935546875, -0.03662109375, -0.0216064453125, 0.055419921875, 0.06494140625, 0.08740234375, 0.05126953125, 0.0703125, 0.068359375, 0.0732421875, 0.03125, 0.0703125, 0.0654296875, 0.0712890625, 0.0625, 0.06298828125, 0.06982421875, 0.035888671875, 0.0247802734375, 0.07958984375, 0.049560546875, 0.00616455078125, 0.052734375, 0.0026702880859375, 0.062255859375, 0.002166748046875, -0.002838134765625, -0.001861572265625, 0.0400390625, 0.059326171875, 0.03857421875], [0.041015625, -0.00555419921875, -0.00054168701171875, 0.0252685546875, -0.0036468505859375, -0.00775146484375, -0.020751953125, -0.000827789306640625, 0.0089111328125, -0.0162353515625, -0.0264892578125, -0.01239013671875, -0.0098876953125, -0.02001953125, -0.0269775390625, -0.048095703125, -0.039794921875, -0.0233154296875, -0.0291748046875, -0.042724609375, -0.026611328125, -0.007110595703125, -0.0238037109375, -0.057373046875, -0.0277099609375, -0.06884765625, -0.041748046875, 0.01422119140625, -0.050537109375, -0.08056640625, -0.125, -0.10302734375, -0.08154296875, -0.059326171875, -0.0390625, 0.032470703125, 0.05517578125, 0.06591796875, 0.0238037109375, 0.051025390625, 0.0634765625, 0.054931640625, 0.027099609375, 0.08251953125, 0.072265625, 0.009765625, 0.06689453125, 0.032958984375, 0.01348876953125, 0.00872802734375, 0.0400390625, 0.0029296875, 0.00811767578125, 0.037353515625, -0.0101318359375, 0.07421875, 0.00872802734375, 0.004150390625, 0.002410888671875, 0.0269775390625, -0.00830078125, -0.04345703125, -0.013427734375, -0.00154876708984375]],